Time,X,Y,Z,RX,RY,RZ,Fx,Fy,Fz,FRx,FRy,FRz
12.527951002120972,-0.009597235359261982,-0.4835030734538748,0.5889998626403088,2.2258406265534294e-08,3.109999895095829,0.039999984204748734,0.0,0.0,0.0,0.0,0.0,0.0
17.21408748626709,-0.009597235359261982,-0.4835030734538748,0.5889998626403088,2.2258406265534294e-08,3.109999895095829,0.039999984204748734,0.0,0.0,0.0,0.0,0.0,0.0
20.078116178512573,-0.009597235359261982,-0.4835030734538748,0.5889998626403088,2.2258406265534294e-08,3.109999895095829,0.039999984204748734,0.0,0.0,0.0,0.0,0.0,0.0
24.816630840301514,-0.009597235359261982,-0.4835030734538748,0.5889998626403088,2.2258406265534294e-08,3.109999895095829,0.039999984204748734,0.0,0.0,0.0,0.0,0.0,0.0
26.405516147613525,-0.009597235359261982,-0.4835030734538748,0.5889998626403088,2.2258406265534294e-08,3.109999895095829,0.039999984204748734,0.0,0.0,0.0,0.0,0.0,0.0
35.84436845779419,-0.009597235359261982,-0.4835030734538748,0.5889998626403088,2.2258406265534294e-08,3.109999895095829,0.039999984204748734,0.0,0.0,0.0,0.0,0.0,0.0
